filename,title,description,tags,url
nessun-titolo-trovato,(Nessun titolo trovato),(Nessuna descrizione trovata),"Codepen, CSS, Animazione",https://codepen.io/meodai/full/XWXyoYK?s=35
hunyuanvideo-a-systematic-framework-for-large-video-generative-models,HunyuanVideo: A Systematic Framework For Large Video Generative Models,"Modello open-source di fondazione per la generazione di video, sviluppato da Tencent. Utilizza un framework sistematico per l'addestramento e l'inferenza di modelli video di grandi dimensioni con 13 miliardi di parametri, eccellendo in qualità visiva, dinamiche di movimento e allineamento testo-video.","AI, Generazione Video, HunyuanVideo, Tencent, Modello Fondazione, Deep Learning",https://github.com/Tencent/HunyuanVideo?s=35
stato-su-x-twitter-di-holly-herndon,(Contenuto non recuperabile),Stato su X (Twitter) di Holly Herndon.,"X, Twitter, Holly Herndon, Social Media",https://x.com/hollyherndon/status/1865087479444812264?t=VyyYY04151xJuzPJK56saw&s=35
top-1000-imdb-dataset-kaggle,Top 1000 IMDB dataset - Kaggle,"Dataset contenente i dati dei primi 1000 film di IMDb, utilizzato per l'analisi dei dati e il data cleaning. Include nomi di film, anno di uscita, durata, valutazioni IMDb, Metascore e descrizioni.","Dataset, Kaggle, IMDb, Film, Analisi Dati, Data Science",https://www.kaggle.com/datasets/fernandogarciah24/top-1000-imdb-dataset
amineyarmanvue-kinesis-easily-create-complex-interactive-animations-with-vuejs-g,amineyarman/vue-kinesis: Easily create complex interactive animations with Vue.js - GitHub,"Set di componenti per Vue.js che aiuta a creare facilmente animazioni interattive dinamiche e complesse, come effetti parallasse, trasformazioni e reazioni all'audio.","Vue.js, Kinesis.js, Animazioni, Interattività, Sviluppo Web, JavaScript",https://github.com/amineyarman/Kinesis.js
markwhen,Markwhen,"Un linguaggio di journaling simile a Markdown per scrivere in modo semplice registri, diagrammi di Gantt, blog, note, diari, timeline e calendari, con funzionalità di condivisione e integrazione con calendari esterni.","Markdown, Journaling, Markwhen, Timeline, Diagramma Gantt, Note",https://markwhen.com
bjesuspipet-github,bjesus/pipet – GitHub,"Strumento ""coltellino svizzero"" per lo scraping e l'estrazione di dati da risorse online, orientato agli hacker.","Scraping, Estrazione Dati, Strumento, Python, Sicurezza",https://github.com/bjesus/pipet?s=35
augustdevenchanted-enchanted-is-ios-and-macos-app-for-chatting-with-private-self,"AugustDev/enchanted: Enchanted is iOS and macOS app for chatting with private self hosted language models such as Llama2, Mistral or Vicuna using Ollama. - GitHub","Applicazione per iOS e macOS per chattare con modelli linguistici privati auto-ospitati (self-hosted) come Llama2, Mistral o Vicuna, utilizzando la piattaforma Ollama.","AI, Modelli Linguistici, LLM, Ollama, iOS, macOS, Chat",https://github.com/AugustDev/enchanted?s=35
voicecraft,VoiceCraft,"VoiceCraft è un progetto menzionato nel contesto della sintesi vocale (TTS) e dell'editing vocale, probabilmente una tecnica per la creazione e la modifica di voci ad alta fedeltà.","AI, Sintesi Vocale, TTS, Voice Editing, VoiceCraft, Deep Learning",https://github.com/jasonppy/VoiceCraft?s=35
aykutsaracjsoncrackcom-innovative-and-open-source-visualization-application-that,"AykutSarac/jsoncrack.com: Innovative and open-source visualization application that transforms various data formats, such as JSON, YAML, XML, CSV and more, into interactive graphs. - GitHub","Applicazione open-source di visualizzazione che converte vari formati di dati (JSON, YAML, XML, CSV) in grafici interattivi, rendendone più facile l'esplorazione, la formattazione e la validazione per gli sviluppatori.","JSON, Visualizzazione Dati, Grafico Interattivo, YAML, XML, Strumenti Sviluppatori, Open Source",https://github.com/AykutSarac/jsoncrack.com?s=35
understanding-css-clamp-for-typography-a-guide-for-ui-designers,Understanding CSS clamp() for Typography: A Guide for UI Designers,Articolo di UX Design che illustra come utilizzare la funzione CSS clamp() per creare una tipografia fluida e completamente responsive. Questa tecnica assicura che la dimensione del testo si adatti perfettamente tra un valore minimo e uno massimo.,"CSS, Tipografia, Responsive Design, UI/UX, Web Design",https://uxdesign.cc/understanding-css-clamp-for-typography-a-guide-for-ui-designers-6f522c2ed90f?s=35
google-colaboratory,Google Colaboratory,"Ambiente notebook Jupyter basato su cloud che permette di scrivere ed eseguire codice Python nel browser, specialmente utile per l'apprendimento automatico e l'analisi dei dati. Non richiede configurazione ed è gratuito.","Google, Python, Machine Learning, Colab, Notebook Jupyter",https://colab.google/
upscayl,Upscayl,Un'applicazione open-source e multipiattaforma per l'upscaling delle immagini (aumento di risoluzione) utilizzando modelli avanzati di intelligenza artificiale. Consente di migliorare la qualità delle foto con una semplice interfaccia utente.,"Upscaling, AI, Immagini, Open Source, Software",https://upscayl.org
danielgatisrembg-github,danielgatis/rembg - GitHub,Strumento Python di command-line e libreria per rimuovere rapidamente e facilmente lo sfondo dalle immagini utilizzando l'AI. È integrabile in flussi di lavoro automatizzati.,"Python, Rimozione Sfondo, AI, Immagini, GitHub",https://github.com/danielgatis/rembg
lllyasvielfooocus-github,lllyasviel/Fooocus - GitHub,"Interfaccia utente open-source che semplifica il processo di generazione di immagini con Stable Diffusion, con l'obiettivo di migliorare la coerenza e l'usabilità. Rende l'AI art più accessibile e produttiva.","AI Art, Stable Diffusion, Generazione Immagini, Fooocus, Open Source",https://github.com/lllyasviel/Fooocus
ultimate-vocal-remover,Ultimate Vocal Remover,Software basato sull'AI per separare le tracce vocali e strumentali da qualsiasi brano audio. È molto apprezzato per la sua alta precisione nella de-mixing audio.,"Audio, Vocal Remover, AI, Musica, Software",https://ultimatevocalremover.com
ollama,Ollama,"Strumento che consente di eseguire in locale Large Language Models (LLM) di grandi dimensioni, come Llama 2 e Mistral, sul proprio computer. Offre un modo semplice per l'hosting e l'interazione con modelli AI open-source.","LLM, AI, Ollama, Self-Hosted, Open Source",https://ollama.com
qwenlmqwen25-github,QwenLM/Qwen2.5 - GitHub,"Repository per Qwen 2.5, una serie di modelli linguistici open-source ad alte prestazioni sviluppati da Alibaba Cloud. Adatto per una vasta gamma di attività di intelligenza artificiale.","LLM, Alibaba, Qwen, AI, Modello Linguistico",https://github.com/QwenLM/Qwen2.5
the-shape-of-ai,The Shape of AI,Piattaforma che offre una mappa concettuale e una classificazione visiva dell'intero ecosistema dell'Intelligenza Artificiale. Aiuta a comprendere le relazioni e le diverse aree del settore AI.,"AI, Ecosistema AI, Mappa Concettuale, Visualizzazione Dati",https://www.shapeof.ai
lai-sta-facendo-impazzire-i-programmatori-open-source,L'AI sta facendo impazzire i programmatori open source,Articolo di Wired Italia che esplora la crescente frustrazione tra i programmatori open source causata da codice di bassa qualità o bug introdotti dall'uso dell'AI nella generazione di codice.,"AI, Open Source, Programmazione, Bug, Wired Italia",
fonts-in-movies,Fonts In Movies,Raccolta esaustiva e archivio di caratteri tipografici e font utilizzati nei titoli di testa e nei materiali promozionali dei film. Ottima risorsa per designer e appassionati di cinema e tipografia.,"Tipografia, Cinema, Font, Design, Archivio",https://fontsinmovies.com/
the-octalysis-framework-for-gamification-behavioral-design,The Octalysis Framework for Gamification & Behavioral Design,"Framework completo per la gamification e il design comportamentale, creato da Yu-kai Chou. Il modello si basa su 8 core drive per motivare e coinvolgere gli utenti.","Gamification, Design Comportamentale, Octalysis, UX Design",https://yukaichou.com/gamification-examples/octalysis-complete-gamification-framework/
googles-project-aristotle-psych-safety,Google's Project Aristotle - Psych Safety,"Articolo che riassume i risultati del Progetto Aristotele di Google, identificando la ""Sicurezza Psicologica"" come il fattore cruciale per il successo e l'efficacia dei team di lavoro. La sicurezza psicologica permette ai membri di un team di sentirsi al sicuro nel prendere rischi interpersonali.","Sicurezza Psicologica, Project Aristotle, Google, Team Building, Lavoro",https://psychsafety.co.uk/googles-project-aristotle/
microsoftmarkitdown-github,microsoft/markitdown - GitHub,"Estensione Markdown sviluppata da Microsoft che permette di migliorare la documentazione con funzionalità avanzate, come l'aggiunta di elementi interattivi. È un tool per una documentazione più ricca e coinvolgente.","Markdown, Documentazione, Microsoft, Sviluppo, GitHub",https://github.com/microsoft/markitdown?s=35
loops-and-logic,Loops and Logic,"Un blog o sito web focalizzato sull'ingegneria del software e argomenti tecnici avanzati, con un focus sul pensiero logico e sulla costruzione di sistemi.","Ingegneria Software, Logica, Sviluppo, Tecnologia",https://loopsandlogic.com/
intelligenza-artificiale-harvard-lancer-un-enorme-dataset-gratuito-per-laddestra,"Intelligenza artificiale, Harvard lancerà un enorme dataset gratuito per l'addestramento",Notizia di Wired Italia che annuncia l'iniziativa di Harvard di rilasciare un vasto dataset gratuito per l'addestramento e la ricerca di modelli di intelligenza artificiale.,"AI, Dataset, Harvard, Ricerca, Wired Italia",
renyuan-commit,Renyuan Commit,Uno strumento online per aiutare gli sviluppatori a comporre messaggi di commit di Git conformi agli standard e altamente informativi. Migliora la qualità della cronologia del progetto.,"Git, Commit, Sviluppo, Programmazione, Strumenti",https://renyuan.io/commit/?s=35
stato-su-x-twitter-di-mrprudence-contenuto-tecnico-o-di-design,(Contenuto non recuperabile),Stato su X (Twitter) di MrPrudence. Contenuto tecnico o di design.,"X, Twitter, Social Media, Tecnologia, Sviluppo",https://x.com/MrPrudence/status/1869314047730131445?t=Yk20VyZEusRdawRHPlwJKw&s=35
elden-ring-stato-completamente-ricreato-usando-excel-multiplayerit,Elden Ring è stato completamente ricreato usando Excel - Multiplayer.it,"Articolo che parla di un progetto non convenzionale in cui il famoso videogioco ""Elden Ring"" è stato replicato e reso giocabile interamente all'interno di Microsoft Excel. Questo progetto dimostra la versatilità di Excel.","Elden Ring, Excel, Videogiochi, Progetto Creativo, Multiplayer.it",https://multiplayer.it/notizie/elden-ring-e-stato-completamente-ricreato-usando-excel.html
mechanism-master-list-board-game-design-lab,Mechanism Master List - Board Game Design Lab,Un vasto elenco di meccanismi di gioco utilizzati nella progettazione di giochi da tavolo e di ruolo. È una risorsa fondamentale per i game designer per esplorare nuove interazioni di gioco.,"Game Design, Giochi da Tavolo, Meccanismi di Gioco, Risorse",https://boardgamedesignlab.com/mechanism-master-list/
anydice,AnyDice,Un potente calcolatore di probabilità online per dadi e sistemi di gioco di ruolo. Permette di analizzare e visualizzare la distribuzione dei risultati per configurazioni di dadi complesse.,"Dadi, Probabilità, Giochi di Ruolo, Strumenti, Statistica",https://anydice.com/
game-iconsnet,Game-icons.net,Una vasta libreria di icone vettoriali gratuite e open-source specificamente progettate per l'uso nello sviluppo e nella progettazione di videogiochi e giochi da tavolo. Le icone sono personalizzabili.,"Icone, Game Design, Open Source, Risorse, Vettoriale",https://game-icons.net/
smithsonian-open-access,Smithsonian Open Access,"La piattaforma dello Smithsonian Institution che offre milioni di immagini ad alta risoluzione e dati di collezioni in pubblico dominio (CC0). Una risorsa enorme per artisti, ricercatori e il pubblico.","Open Access, Smithsonian, Arte, Dati Pubblici, Musei",https://www.si.edu/OpenAccess
picryl-public-domain-media,Picryl - Public Domain Media,"Un motore di ricerca e una libreria di media (immagini, video, documenti) di pubblico dominio provenienti da archivi e biblioteche di tutto il mondo. Utile per progetti creativi e di ricerca.","Pubblico Dominio, Media, Immagini, Ricerca, Archivi",https://picryl.com/
if-no-yes-com-by-rafal-rozendaal,if no yes .com by Rafaël Rozendaal,"Un'opera d'arte digitale creata dall'artista Rafaël Rozendaal nel 2013, che fa parte della Collection of Benjamin Palmer. L'opera è un sito web che esplora i concetti di astrazione e presenza digitale.","Arte Digitale, Rafaël Rozendaal, New Media, Astrazione, Web Art",https://ifnoyes.com/
rafal-rozendaal,Rafaël Rozendaal,"Sito ufficiale dell'artista olandese-brasiliano Rafaël Rozendaal, noto per aver creato opere d'arte digitali che sono anche nomi di dominio web. La sua arte esplora la materialità del web.","Artista, Rafaël Rozendaal, Arte Digitale, Web Art, New Media",https://www.newrafael.com/
abstract-browsing,Abstract Browsing,"L'opera d'arte di Rafaël Rozendaal del 2014, che trasforma visivamente qualsiasi pagina web in un dipinto astratto, mantenendo solo la struttura e i colori del codice sottostante. L'opera è nella collezione dello Stedelijk Museum.","Arte Digitale, Abstract Browsing, Rafaël Rozendaal, Web Art, Stedelijk Museum",https://www.abstractbrowsing.net/
stato-su-x-twitter-di-hamptonism-contenuto-tecnico-o-di-design,(Contenuto non recuperabile),Stato su X (Twitter) di @hamptonism. Contenuto tecnico o di design.,"X, Twitter, Social Media, Tecnologia, Sviluppo",https://x.com/hamptonism/status/1873494956524085675?t=agjjPDoDHaRuRDjMJrQmLg&s=35
type-scale-generator-by-landings,Type Scale Generator by Landings,Un generatore di scale tipografiche online che aiuta i designer a creare gerarchie di font armoniose e matematicamente bilanciate per interfacce web. Permette di definire rapporti di scala e tipi di font.,"Tipografia, Design, Sviluppo Web, Strumenti, UI/UX",https://landin.gs/tools/type-scale-generator/
ai-made-in-italy-arriva-minerva-la-prima-famiglia-di-grandi-modelli-linguistici-,"AI made in Italy: arriva Minerva, la prima famiglia di grandi modelli linguistici addestrati “da zero” per la lingua italiana","Minerva è la prima famiglia di Large Language Models (LLM) addestrata specificamente da zero per la lingua italiana, colmando il divario di LLM open-source di alta qualità per le lingue non inglesi. È un importante passo avanti per la ricerca sull'AI in Italia.","Minerva, LLM, AI, Italiano, Sapienza Università, Open Source",
stato-su-x-twitter-di-deedydas-il-contenuto-si-riferisce-probabilmente-a-un-aggi,(Contenuto non recuperabile),"Stato su X (Twitter) di @deedydas. Il contenuto si riferisce probabilmente a un aggiornamento tecnologico, un frammento di codice o un concetto di design innovativo.","X, Twitter, Tecnologia, Sviluppo Web, UI/UX",https://x.com/deedydas/status/1878472012819284195?t=G30_Kwr9054GnGKwCZVjqA&s=35
stato-su-x-twitter-di-rohanpaulai-il-contenuto-relativo-allai-in-particolare-a-l,(Contenuto non recuperabile),"Stato su X (Twitter) di @rohanpaul_ai. Il contenuto è relativo all'AI, in particolare a Large Language Models (LLM) o Machine Learning.","X, Twitter, AI, LLM, Machine Learning",https://x.com/rohanpaul_ai/status/1880184389218496770?t=MdaIok5eFfn08juiTuNv4A&s=35
nokia-design-archive,Nokia Design Archive,"Un archivio digitale reso pubblico dalla Aalto University, contenente schizzi, foto e interviste sul processo di design dei telefoni cellulari Nokia dal mid-anni '90 al 2017. L'archivio mira a mostrare come le idee di design abbiano plasmato la nostra connessione.","Nokia, Design, Archivio, Aalto University, Telefoni Cellulari, Storia del Design",
plujawhishper-transcribe-any-audio-to-text-translate-and-edit-subtitles-100-loca,"pluja/whishper: Transcribe any audio to text, translate and edit subtitles 100% locally with a web UI. Powered by whisper models! - GitHub","Whishper è un'applicazione web open-source e self-hosted per trascrivere audio e video in testo, tradurre e modificare i sottotitoli utilizzando i modelli Whisper di OpenAI. L'elaborazione avviene al 100% in locale per garantire la privacy.","Trascrizione, Whisper, AI, Audio, Self-Hosted, Open Source",https://whishper.net/
scriberr-transcribe-audio-summarize-annotate,Scriberr — Transcribe audio. Summarize. Annotate.,"Un'applicazione di trascrizione audio self-hosted e offline basata su AI che permette di trascrivere, riassumere e chattare sui file audio, anche da link YouTube. È progettata per la privacy e offre funzionalità come la diarizzazione degli oratori.","Trascrizione, AI, Self-Hosted, Audio, Riassunto, Privacy",https://scriberr.app/
anvakagraph-drawing-libraries-trying-to-compare-known-graph-drawing-libraries-gi,anvaka/graph-drawing-libraries: Trying to compare known graph drawing libraries. - GitHub,"Una risorsa su GitHub che raccoglie e confronta una vasta collezione di librerie JavaScript per il disegno e la visualizzazione di grafi e reti, come ngraph e VivaGraphJS. È un punto di riferimento per gli sviluppatori che lavorano con le strutture dati a grafo.","Visualizzazione Grafi, JavaScript, Librerie, Sviluppo Web, Data Visualization",https://github.com/anvaka/graph-drawing-libraries
zeroth-bot-dev-kit-the-worlds-most-accessible-humanoid-for-ai-launching-soon-on-,Zeroth Bot Dev Kit - The World's Most Accessible Humanoid for AI - Launching Soon on Kickstarter!,"Pagina di pre-lancio per un kit di sviluppo per robot umanoidi, il Zeroth Bot, che si presenta come il più accessibile al mondo per l'AI. Il progetto è stato lanciato su Kickstarter e mira a fornire una piattaforma per l'AI embodied.","Robotica, AI, Umanoide, Kickstarter, Sviluppo",https://pre-launch.grandjourney.ai/
dnhkngglados-this-is-the-personality-core-for-glados-the-first-steps-towards-a-r,"dnhkng/GLaDOS: This is the Personality Core for GLaDOS, the first steps towards a real-life implementation of the AI from the Portal series by Valve. - GitHub","Un progetto GitHub che mira a creare una implementazione reale del ""Personality Core"" di GLaDOS, l'intelligenza artificiale della serie di videogiochi Portal. È un assistente vocale AI sperimentale con una personalità distintiva.","AI, GLaDOS, Portal, Assistente Vocale, Progetto Open Source",https://github.com/dnhkng/GLaDOS
markdown-to-image-github,markdown-to-image - GitHub,"Un progetto che probabilmente riguarda uno strumento o una libreria per convertire il contenuto Markdown in un file immagine, come PNG o JPEG. Utile per la condivisione di snippet di codice o documenti formattati sui social media.","Markdown, Immagini, Conversione, Sviluppo, Strumenti",https://github.com/gcui-art/markdown-to-image?s=35
learnhouse-the-modern-open-source-learning-platform-for-everyone,LearnHouse - The modern Open source learning platform for everyone.,"Piattaforma di apprendimento open-source moderna e ben progettata per creare e condividere corsi accademici, professionali e per la crescita personale. Include un editor a blocchi, quiz, assegnazioni e un copilot AI per docenti e studenti.","Piattaforma E-learning, Open Source, Formazione, AI, EdTech, LearnHouse",https://www.learnhouse.app/
knadhtg-archive-a-tool-for-exporting-telegram-group-chats-into-static-websites-l,knadh/tg-archive: A tool for exporting Telegram group chats into static websites like mailing list archives. - GitHub,"Uno strumento Python per esportare le chat di gruppo di Telegram in siti web statici, preservando la cronologia della chat come archivi di mailing list. Supporta il download di media e la generazione di siti statici.","Telegram, Archiviazione, Python, Open Source, Sviluppo",https://github.com/knadh/tg-archive
revealjs-the-html-presentation-framework-github,reveal.js: The HTML Presentation Framework - GitHub,"Framework open-source che consente di creare presentazioni web completamente funzionali utilizzando solo HTML. Offre funzionalità avanzate come slide annidate, supporto Markdown e animazioni automatiche.","Presentazioni, HTML, Framework, Sviluppo Web, Open Source",https://revealjs.com/
the-minimal-company,The Minimal Company,"Azienda che produce il ""Minimal Phone"", uno smartphone con display E-Paper e tastiera QWERTY, focalizzato sull'eliminazione delle distrazioni. L'obiettivo è aiutare gli utenti a vivere in modo più intenzionale e meno dipendente dallo scrolling.","Minimalismo, Tecnologia, Smartphone, E-Paper, Produttività, Digital Detox",
ggml-orgllamavscode-github,ggml-org/llama.vscode - GitHub,"Estensione per Visual Studio Code che integra modelli linguistici LLama (e affini) per la generazione di codice, assistenza contestuale o altre funzionalità di AI all'interno dell'editor. Sfrutta il progetto ggml-org.","VSCode, LLM, AI, Coding, Estensione, ggml",https://github.com/ggml-org/llama.vscode?s=35
european-citizens-initiative-statements-of-support-collected-online,European Citizens' Initiative - Statements of support collected online,Pagina per il sistema di raccolta elettronica delle dichiarazioni di sostegno per un'Iniziativa dei Cittadini Europei (ICE). La petizione in questione riguarda probabilmente un tema politico o sociale europeo.,"Unione Europea, ICE, Petizione, Politica, Partecipazione Civica",https://eci.ec.europa.eu/045/public/#/screen/home
lo-studio-shock-sui-captcha-il-lato-oscuro-della-sicurezza-toms-hardware,Lo studio shock sui CAPTCHA: il lato oscuro della sicurezza - Tom's Hardware,"Articolo di Tom's Hardware che riporta i risultati di uno studio sull'inefficacia, sui problemi di sicurezza e sul costo in termini di tempo e inquinamento dei sistemi CAPTCHA. Lo studio solleva questioni etiche sull'uso dei dati raccolti.","CAPTCHA, Sicurezza, Privacy, Usabilità, Wired Italia",https://www.tomshw.it/hardware/lo-studio-shock-sui-captcha-il-lato-oscuro-della-sicurezza-2025-02-09
traccia-di-un-incontro-su-pna-digital-probabilmente-un-documento-di-lavoro-o-ver,(Contenuto non recuperabile),"Traccia di un incontro su PNA Digital, probabilmente un documento di lavoro o verbale ospitato su Notion. Il titolo indica un incontro tenutosi il 14 febbraio 2026.","Notion, PNA Digital, Documentazione, Incontro, Lavoro",https://5adesign.notion.site/PNA-Digital-traccia-dell-incontro-del-14-02-2026-19a98ea4938080ca85cfc29039bfb1e1?pvs=4
gb-studio,GB Studio,"Un software visuale, facile da usare e open-source che permette a chiunque di creare giochi in stile retrò per Nintendo Game Boy (ROM giocabili) senza scrivere codice. È un game maker drag-and-drop.","Game Boy, Sviluppo Giochi, Retrogaming, No-Code, GB Studio",https://www.gbstudio.dev/
juggl-an-interactive-stylable-and-expandable-graph-view-for-obsidian,"Juggl - An interactive, stylable and expandable graph view for Obsidian.","Un plugin avanzato per Obsidian che fornisce una vista a grafo interattiva, personalizzabile e locale. È uno strumento indispensabile per la gestione della conoscenza personale (PKM).","Obsidian, Plugin, Grafi, PKM, Visualizzazione Dati",https://juggl.io/
home-breadcrumbs-obsidian-publish,Home - Breadcrumbs - Obsidian Publish,"Documentazione per il plugin Breadcrumbs di Obsidian, che aggiunge la navigazione gerarchica e i link tipizzati tra le note. Aiuta a visualizzare e gestire strutture di conoscenza complesse.","Obsidian, Breadcrumbs, PKM, Plugin, Documentazione",https://publish.obsidian.md/breadcrumbs-docs/Home
open-sources-voci-dalla-rivoluzione-open-source-oreilly-media,"Open Sources, Voci dalla Rivoluzione Open Source - O'Reilly Media","Libro che raccoglie saggi e voci dei principali leader del movimento open source, tra cui Linus Torvalds e Larry Wall. Offre una visione profonda su come lo sviluppo aperto stia creando software migliore.","Open Source, O'Reilly, Rivoluzione Software, Linus Torvalds, Storia della Tecnologia",https://www.oreilly.com/openbook/opensources/book/
the-small-web-home,The Small Web ~ Home,"Un movimento che incoraggia la creazione di siti web personali, decentralizzati e liberi dalla logica delle grandi piattaforme. Promuove un internet più focalizzato sull'espressione creativa e la connessione individuale.","Small Web, Decentralizzazione, Etica Digitale, Web Personale, Open Source",https://smallweb.cc/
un-documento-su-notion-che-funge-da-spazio-di-lavoro-o-dashboard-per-un-progetto,(Contenuto non recuperabile),"Un documento su Notion che funge da spazio di lavoro o dashboard per un progetto, forse legato a una pianificazione o a note aziendali/personali. Non è possibile determinarne il contenuto specifico.","Notion, Dashboard, Lavoro, Organizzazione, Note",https://youthful-fan-3d7.notion.site/3923866a194a443abe53bf4816915452?v=37a4ff8ac3934f49814b8b59f7432a72&s=35
vikparuchurimarker-github,VikParuchuri/marker - GitHub,"Uno strumento Python open-source che utilizza l'intelligenza artificiale per convertire documenti PDF e EPUB in formati Markdown, TXT o JSON di alta qualità, mantenendo la struttura originale del documento. È particolarmente efficace nel rilevare e formattare tabelle.","AI, Markdown, PDF, Conversione, Python, Marker",https://github.com/VikParuchuri/marker?tab=readme-ov-file
the-making-of-software-non-recuperabile,The Making of Software (Non Recuperabile),"Un sito o un blog interamente dedicato ai principi, alle pratiche e alle filosofie alla base della creazione di software di qualità. Potrebbe essere legato all'ingegneria del software o al design.","Sviluppo Software, Ingegneria, Programmazione, Filosofia",https://www.makingsoftware.com/?s=35
dan-hollick-danhollick-typefully,Dan Hollick (@DanHollick) - Typefully,"Profilo di Dan Hollick, Design Engineer di Tailwind CSS, dove pubblica thread su X (Twitter) che spiegano concetti complessi di design, sviluppo front-end e UX in modo chiaro e approfondito.","Design, Tailwind CSS, Sviluppo Frontend, X, Design Engineer",https://typefully.com/DanHollick
stato-su-x-twitter-di-kimmonismus-probabilmente-unanalisi-o-unosservazione-sul-d,(Contenuto non recuperabile),"Stato su X (Twitter) di @kimmonismus, probabilmente un'analisi o un'osservazione sul design delle interfacce utente, sull'esperienza utente o sulla tecnologia.","X, Twitter, Design, UI/UX, Tecnologia",https://x.com/kimmonismus/status/1902234320380563813?t=pjBw_xUsyRJtvw42fFDhZQ&s=35
getting-started-with-autogluon-your-first-steps-in-automated-machine-learning,Getting Started with AutoGluon: Your First Steps in Automated Machine Learning,"Guida introduttiva al framework AutoGluon di Amazon Web Services, un tool di Automated Machine Learning (AutoML). Permette di addestrare modelli ML di alta qualità con poche righe di codice, automatizzando l'ottimizzazione e la selezione del modello.","AutoML, AutoGluon, Machine Learning, AWS, KDnuggets",https://www.kdnuggets.com/getting-started-with-autogluon-your-first-steps-in-automated-machine-learning
quick-reminder-that-is-and-where-are-basically-the-same-with-one-key-difference,Quick Reminder That :is() and :where() Are Basically the Same With One Key Difference,"Articolo che spiega la differenza fondamentale tra i selettori pseudo-classi CSS :is() e :where(), in particolare per quanto riguarda l'impatto sulla specificità del selettore. Utile per il CSS moderno e la scrittura di codice riutilizzabile.","CSS, Selectors, Specificità, Sviluppo Web, CSS-Tricks",
stato-su-x-twitter-di-meng-to-il-post-di-meng-to-un-noto-designer-e-probabilment,(Contenuto non recuperabile),"Stato su X (Twitter) di Meng To. Il post è di Meng To, un noto designer, e probabilmente riguarda argomenti di UI/UX, prototipazione o tendenze del design.","X, Twitter, Meng To, Design, UI/UX",https://x.com/MengTo/status/1903316180045337073?t=2R08qx6a5Bbs3BLNZ1knqw&s=35
free-ux-templates,Free UX Templates,Articles,Nielsen Norman Group,"Raccolta di modelli e risorse gratuite fornite da Nielsen Norman Group per supportare i processi di User Experience (UX) design. I template includono schemi per persona, mappe del percorso utente e altro."
stato-su-x-twitter-di-god-of-prompt-il-post-focalizzato-su-tecniche-avanzate-di-,(Contenuto non recuperabile),Stato su X (Twitter) di God of Prompt. Il post è focalizzato su tecniche avanzate di Prompt Engineering per modelli di intelligenza artificiale.,"X, Twitter, Prompt Engineering, AI, LLM",https://x.com/godofprompt/status/1906102689051861270?t=7kdZ6wuahtx-B77ULIQx6A&s=35
stato-su-x-twitter-di-brivaellp-il-contenuto-relativo-a-frammenti-di-codice-sugg,(Contenuto non recuperabile),"Stato su X (Twitter) di BrivaelLp. Il contenuto è relativo a frammenti di codice, suggerimenti CSS o tecniche di sviluppo frontend.","X, Twitter, CSS, Sviluppo Web, Frontend",https://x.com/BrivaelLp/status/1907417574339465490?t=cxGsHbeB3lWME1gUfJKApQ&s=35
hitomezashi,Hitomezashi,Sito web interattivo dedicato all'esplorazione del ricamo giapponese Hitomezashi. Permette agli utenti di generare pattern geometrici complessi basati su semplici regole booleane.,"Arte Generativa, Ricamo Giapponese, Hitomezashi, Design, Pattern",https://hitomezashi.com/
stato-su-x-twitter-di-matt-dancho-il-post-riguarda-la-data-science-probabilmente,(Contenuto non recuperabile),"Stato su X (Twitter) di Matt Dancho. Il post riguarda la Data Science, probabilmente mostrando una visualizzazione, un pacchetto R/Python o un concetto di Machine Learning.","X, Twitter, Data Science, Machine Learning, Statistica",https://x.com/mdancho84/status/1908545574200135775?t=lpryzrarjinSvXvCFxDbOQ&s=35
navbar-gallery-navigation-design-inspiration,Navbar Gallery – Navigation Design Inspiration,Una galleria di ispirazione che raccoglie esempi di design creativi e funzionali per le barre di navigazione (navbar) di siti web. Utile per i web designer e gli sviluppatori frontend.,"Navbar, Design, Ispirazione, Frontend, UI/UX",https://www.navbar.gallery/
stato-su-x-twitter-di-matt-dancho-un-altro-post-di-matt-dancho-presumibilmente-f,(Contenuto non recuperabile),"Stato su X (Twitter) di Matt Dancho. Un altro post di Matt Dancho, presumibilmente focalizzato su aspetti avanzati o nuovi sviluppi nel campo della Data Science o dell'AI.","X, Twitter, Data Science, AI, Sviluppo",https://x.com/mdancho84/status/1908906456146989226?t=P7qOEtxaacr7ihHk8PbK1A&s=35
catalogue,Catalogue,"Catalogo di progetti realizzati da ""Projects by If"", uno studio di design che si occupa di privacy, etica e impatto sociale della tecnologia. I progetti esplorano come le informazioni digitali ci modellano.","Design Etico, Privacy, Tecnologia, Progetti, Digitalizzazione",projectsbyif.com
dark-netflix,DARK - Netflix,"Sito web ufficiale (o promozionale) della serie TV di Netflix ""Dark"", che spesso include elementi interattivi o una timeline per aiutare gli spettatori a seguire la trama complessa.","Netflix, Serie TV, Dark, Promozione, Intrattenimento",https://dark.netflix.io/
stato-su-x-twitter-di-david-m-il-post-riguarda-il-machine-learning-probabilmente,(Contenuto non recuperabile),"Stato su X (Twitter) di David M. Il post riguarda il Machine Learning, probabilmente discutendo di modelli, tecniche o nuove pubblicazioni nel settore.","X, Twitter, Machine Learning, AI, Sviluppo",https://x.com/davidm_ml/status/1909863649096749082?t=QgRB3SY64g6deIx_2WwifQ&s=35
stato-su-x-twitter-di-poetengineer-il-post-probabilmente-unisce-concetti-di-inge,(Contenuto non recuperabile),"Stato su X (Twitter) di Poetengineer. Il post probabilmente unisce concetti di ingegneria, codice e arte o creatività, tipici del profilo ""poetengineer"".","X, Twitter, Ingegneria, Codice, Creatività, AI",https://x.com/poetengineer_\_/status/1910057249378099667?t=iw-t_AYakexiN3Mvzk1e6A&s=35
principles-of-design,Principles of Design,"Una vasta e ben organizzata raccolta di principi fondamentali e linee guida per il design, utile per chiunque si occupi di progettazione UI/UX o di prodotti.","Design, Principi, UI/UX, Linee Guida, Progettazione",https://principles.design/?s=35
stato-su-x-twitter-di-damon-crockett-il-post-riguarda-probabilmente-la-data-scie,(Contenuto non recuperabile),"Stato su X (Twitter) di Damon Crockett. Il post riguarda probabilmente la Data Science, l'analisi dei dati o la visualizzazione di informazioni complesse.","X, Twitter, Data Science, Visualizzazione, AI",https://x.com/DamonCrockett/status/1910752262470639854?t=YV4wDuiCXPaYl0wl85lOtA&s=35
i-replaced-google-photos-drive-and-docs-with-these-free-self-hosted-services-and,"I replaced Google Photos, Drive, and Docs with these free self-hosted services — and they're better, too","Articolo di XDA Developers che descrive come l'autore abbia sostituito i servizi cloud di Google (Foto, Drive, Docs) con alternative gratuite e self-hosted, spesso con benefici in termini di privacy e controllo.","Self-Hosted, Privacy, Alternative Cloud, Google, Open Source",https://www.xda-developers.com/replaced-google-photos-drive-docs/
stato-su-x-twitter-di-githubprojects-il-post-un-aggiornamento-o-una-promozione-d,(Contenuto non recuperabile),Stato su X (Twitter) di GithubProjects. Il post è un aggiornamento o una promozione di una nuova funzionalità o miglioramento del prodotto GitHub Projects.,"X, Twitter, GitHub, Project Management, Sviluppo",https://x.com/GithubProjects/status/1918500931517186410?t=GPx3SmFjRIn4K_jx3tOe_w&s=35
aidc-aiovis2-8b-hugging-face,AIDC-AI/Ovis2-8B · Hugging Face,"Pagina di Hugging Face per il modello Ovis2-8B di AIDC-AI. Si tratta di un Large Language Model (LLM) open-source, probabilmente focalizzato su prestazioni ed efficienza.","Hugging Face, LLM, AI, Modello Linguistico, Open Source",https://huggingface.co/AIDC-AI/Ovis2-8B
stato-su-x-twitter-di-god-of-prompt-un-altro-post-di-rilievo-sulla-prompt-engine,(Contenuto non recuperabile),"Stato su X (Twitter) di God of Prompt. Un altro post di rilievo sulla Prompt Engineering, che fornisce consigli, trucchi o esempi pratici su come interagire efficacemente con i modelli AI.","X, Twitter, Prompt Engineering, AI, LLM",https://x.com/godofprompt/status/1919391876882313246?t=9cQHvWKnA6q6KXnj2qiGlw&s=35
manim-community,Manim Community,"Sito ufficiale della community per Manim, la popolare libreria Python utilizzata per creare animazioni matematiche e scientifiche di alta qualità, resa famosa da 3Blue1Brown.","Manim, Python, Animazione, Matematica, Open Source",https://www.manim.community/
markmapmarkmap-github,markmap/markmap - GitHub,Libreria JavaScript che permette di creare mappe mentali interattive e visualmente accattivanti direttamente da file Markdown. Ottima per organizzare pensieri e strutture di documenti.,"Markdown, Mappe Mentali, Visualizzazione Dati, JavaScript, GitHub",https://github.com/markmap/markmap?s=35
slidevjsslidev-github,slidevjs/slidev - GitHub,Un framework basato su Vue.js che permette di creare presentazioni ricche e dinamiche utilizzando file Markdown semplici. Supporta funzionalità avanzate come componenti Vue e il live reloading.,"Presentazioni, Markdown, Vue.js, Sviluppo Web, Framework",https://github.com/slidevjs/slidev?s=35
anytype,Anytype,"Una piattaforma di gestione della conoscenza e della produttività che si posiziona come alternativa open-source e focalizzata sulla privacy a strumenti come Notion. I dati sono gestiti in un ""cloud privato"" per l'utente.","PKM, Produttività, Open Source, Anytype, Privacy, Notetaking",https://anytype.io/
threejsresourcescom,threejsresources.com,Una galleria di siti web e applicazioni che utilizzano la popolare libreria JavaScript Three.js per la creazione di grafica 3D e rendering in tempo reale nel browser. Fonte di ispirazione per il web 3D.,"Three.js, 3D Web, JavaScript, Ispirazione, Grafica",
italiaawesome-italian-public-datasets-github,italia/awesome-italian-public-datasets - GitHub,"Una lista curata e collaborativa (awesome list) di dataset pubblici disponibili in Italia, utili per progetti di ricerca, analisi dati e intelligenza artificiale.","Dataset, Italia, Open Data, Ricerca, Data Science",https://github.com/italia/awesome-italian-public-datasets
electricity-2024-analysis-and-forecast-to-2026pdf,Electricity 2024 - Analysis and forecast to 2026.pdf,"Rapporto dettagliato dell'Agenzia Internazionale dell'Energia (IEA) che analizza il mercato globale dell'elettricità, fornendo previsioni e trend fino al 2026. Il focus è su fonti, consumo e politiche energetiche.","Energia, IEA, Elettricità, Rapporto, Previsioni",https://iea.blob.core.windows.net/assets/6b2fd954-2017-408e-bf08-952fdd62118a/Electricity2024-Analysisandforecastto2026.pdf
svg-to-css-generator,SVG to CSS Generator,"Uno strumento online che facilita la conversione di codice SVG in codice CSS, specificamente per l'uso come immagini di sfondo o per altri stili. Ottimo per ottimizzare il caricamento e l'uso delle icone vettoriali sul web.","SVG, CSS, Strumenti, Frontend, Sviluppo Web",https://css-generators.com/svg-to-css/?s=35
gemini-for-google-workspace-prompting-guide-101pdf,Gemini for Google Workspace Prompting Guide 101.pdf,Guida ufficiale per principianti creata da Google sull'uso efficace del prompt engineering per il modello Gemini all'interno degli strumenti di Google Workspace.,"Gemini, Prompt Engineering, Google Workspace, AI, Guida",https://services.google.com/fh/files/misc/gemini-for-google-workspace-prompting-guide-101.pdf?s=35
machine-learning-crash-course,Machine Learning Crash Course,"Il corso intensivo (Crash Course) di Machine Learning di Google, disponibile in italiano. Fornisce un'introduzione pratica e accelerata ai concetti fondamentali del Machine Learning.","Machine Learning, Google, Corso, AI, Formazione",
google-ai-studio,Google AI Studio,Piattaforma di sviluppo di Google che offre un ambiente per la prototipazione rapida e l'interazione con i modelli Gemini e altre API AI. Permette di sperimentare con l'AI e costruire applicazioni.,"Google, AI, Gemini, Sviluppo, Prototipazione",https://aistudio.google.com/
code-assist-by-google,Code Assist by Google,"Prodotto o funzionalità di Google per l'assistenza alla scrittura di codice tramite intelligenza artificiale, mirato a migliorare la produttività degli sviluppatori.","AI, Code Assist, Google, Sviluppo, Coding",https://codeassist.google/?hl=it
12-timeless-books-every-programmer-should-read-dev-community,12 Timeless Books Every Programmer Should Read - DEV Community,"Una lista curata di 12 libri fondamentali e ""senza tempo"" che ogni programmatore dovrebbe leggere per migliorare le proprie competenze tecniche, di design e di carriera.","Programmazione, Libri, Sviluppo Software, Carriera, Lettura",https://dev.to/somadevtoo/12-timeless-books-every-programmer-should-read-3202
email-browser-e-ricerche-le-migliori-alternative-europee-alle-big-tech-per-prote,"Email, browser e ricerche, le migliori alternative europee alle big tech per proteggere la privacy","Articolo di Wired Italia che propone e analizza le migliori alternative europee ai servizi offerti dalle grandi aziende tecnologiche (Big Tech), con un focus sulla protezione della privacy e sulla sovranità dei dati.","Privacy, Europa, Big Tech, Alternative, Wired Italia",
the-top-10-learnings-from-mary-meekers-latest-report-on-ai,The Top 10 Learnings from Mary Meeker's Latest Report on AI,Riepilogo dei 10 punti salienti e delle principali tendenze di mercato emerse dall'ultimo influente rapporto sull'AI di Mary Meeker.,"AI, Mary Meeker, Report, Trend Tecnologici, Analisi di Mercato",https://www.saastr.com/the-top-10-learnings-from-mary-meekers-latest-report-on-ai/?s=35
cooklang,Cooklang,"Un linguaggio di markup semplice e open-source pensato specificamente per scrivere, leggere e condividere ricette di cucina in formato testo puro e leggibile dall'uomo.","Ricette, Cooklang, Linguaggio Markup, Open Source, Cucina",https://cooklang.org/
uibot,UIBot,Una piattaforma o uno strumento di intelligenza artificiale per l'automazione e l'assistenza nella progettazione di interfacce utente (UI). Mira a velocizzare i flussi di lavoro di design e prototipazione.,"UI Design, AI, Automazione, Prototipazione, Strumenti",https://www.uibot.app/
overview-your-brain-on-chatgpt-mit-media-lab,Overview ‹ Your Brain on ChatGPT — MIT Media Lab,Ricerca del MIT Media Lab che esamina l'impatto cognitivo e neurologico dei Large Language Models (LLM) come ChatGPT sull'apprendimento e sul cervello umano.,"ChatGPT, LLM, Cognizione, Neuroscienze, MIT Media Lab",https://www.media.mit.edu/projects/your-brain-on-chatgpt/overview/#faq-is-it-safe-to-say-that-llms-are-in-essence-making-us-dumber
eurostack,EuroStack,"Un'iniziativa che promuove e mappa lo stack tecnologico europeo, includendo software, cloud e AI sviluppati in Europa. L'obiettivo è supportare l'indipendenza tecnologica europea.","Europa, Tecnologia, Sovranità Digitale, Open Source, EuroStack",https://www.euro-stack.info/
copyright-cases-should-not-threaten-chatbot-users-privacy,Copyright Cases Should Not Threaten Chatbot Users’ Privacy,Articolo della Electronic Frontier Foundation (EFF) che argomenta contro l'uso delle cause legali sul copyright per minacciare la privacy degli utenti dei chatbot AI.,"Copyright, AI, Privacy, EFF, Chatbot",
microsoft-work-trend-index-lai-per-evitare-la-giornata-lavorativa-infinita-micro,Microsoft Work Trend Index: l’AI per evitare la giornata lavorativa infinita - Microsoft News Center Italy,"Articolo che riassume il Work Trend Index di Microsoft, evidenziando come l'AI stia contribuendo a limitare le ore di lavoro eccessive, automatizzando compiti e migliorando la produttività.","AI, Lavoro, Produttività, Microsoft, Work Trend Index",https://news.microsoft.com/it-it/2025/06/24/microsoft-work-trend-index-lai-per-evitare-la-giornata-lavorativa-infinita/
2025worktrendindexannualreport680aaa7fe52ddpdf,2025_Work_Trend_Index_Annual_Report_680aaa7fe52dd.pdf,Il rapporto annuale completo 2025 del Microsoft Work Trend Index. Un documento approfondito che analizza l'evoluzione del lavoro e l'impatto dell'AI sulle professioni.,"Report, Microsoft, AI, Lavoro, Trend",https://assets-c4akfrf5b4d3f4b7.z01.azurefd.net/assets/2025/04/2025_Work_Trend_Index_Annual_Report_680aaa7fe52dd.pdf
paper-la-neuroscienza-dietro-la-scrittura-giugno-2025pdf-riflessioni-sulla-neuro,paper-la-neuroscienza-dietro-la-scrittura-giugno-2025.pdf (Riflessioni sulla Neuroscienza),Un file PDF (condiviso tramite Google Share) che presumibilmente approfondisce il legame tra la neuroscienza e i processi cognitivi alla base dell'atto della scrittura.,"Neuroscienza, Scrittura, Cognizione, Ricerca, PDF",https://share.google/dkxonkMJtzUKquEJW
nanny-state-index,Nanny State Index,"Indice che classifica i paesi in base alla misura in cui gli Stati regolamentano la vita dei cittadini, concentrandosi in particolare sulle politiche su alcol, tabacco e cibo. È una risorsa per l'analisi della libertà economica e personale in Europa.","Politica, Regolamentazione, Libertà, Europa, Nanny State",https://nannystateindex.org/?twclid=274judc48raljws0frxseulcrl&s=35
bitchat-come-funziona-lapp-di-messaggistica-che-non-ha-bisogno-di-internet,"Bitchat, come funziona l'app di messaggistica che non ha bisogno di internet","Articolo che descrive Bitchat, un'applicazione di messaggistica che utilizza tecnologie mesh network o simili per funzionare senza la necessità di una connessione internet tradizionale.","Messaggistica, Bitchat, Mesh Network, Internet, Wired Italia, Privacy",
revealed-hacked-sites-expired-domains-are-being-used-as-sources-for-chatgpts-rec,Revealed: Hacked Sites & Expired Domains Are Being Used as Sources for ChatGPT's Recommendations,Analisi che rivela come siti web compromessi o domini scaduti vengano inavvertitamente utilizzati come fonti da modelli AI come ChatGPT. Solleva preoccupazioni sulla qualità e sull'affidabilità delle informazioni generate dall'AI.,"ChatGPT, AI, Sicurezza Web, Affidabilità, Domini Scaduti",
le-allucinazioni-dellintelligenza-artificiale-sono-arrivate-in-tribunale,Le allucinazioni dell'intelligenza artificiale sono arrivate in tribunale,"Articolo che esplora il fenomeno delle ""allucinazioni"" (risposte errate o inventate) dell'intelligenza artificiale quando le LLM sono utilizzate in contesti legali. Discute i rischi di affidarsi all'AI in ambito giudiziario.","AI, Allucinazioni, Legale, Wired Italia, LLM",
if-design-trend-report-2025pdf,iF Design Trend Report 2025.pdf,"Il rapporto annuale di iF Design che analizza le tendenze globali del design per l'anno 2025, coprendo trasformazioni sociali, tecnologiche ed economiche. È una risorsa chiave per i professionisti del design.","Design, Trend Report, iF Design, Innovazione, AI, PDF",https://ifdesign.com/iF-Design-Trend-Report-2025.pdf
k-scale-labs-open-source-humanoid-robots-built-for-developers-robot-umanoide,"K-Scale Labs: Open-source humanoid robots, built for developers (Robot Umanoide)","Contenuto (condiviso tramite Google Share) che riguarda K-Scale Labs, un progetto focalizzato sulla creazione di robot umanoidi open-source e accessibili per la comunità degli sviluppatori e della robotica.","Robotica, Umanoide, Open Source, Sviluppo, K-Scale Labs",https://share.google/A0Raylarzkqg9QfFQ
mark-zuckerberg-ha-chiuso-con-un-patteggiamento-il-processo-da-8-miliardi-che-lo,Mark Zuckerberg ha chiuso con un patteggiamento il processo da 8 miliardi che lo accusava di aver sacrificato la privacy dei suoi utenti,"Articolo che tratta della risoluzione di una causa multimiliardaria contro Mark Zuckerberg e Meta, in cui l'accusa riguardava la presunta violazione della privacy degli utenti.","Meta, Zuckerberg, Privacy, Legale, Wired Italia",
stato-su-x-twitter-di-satya-nadella-ceo-di-microsoft-il-post-riguarda-probabilme,(Contenuto non recuperabile),"Stato su X (Twitter) di Satya Nadella, CEO di Microsoft. Il post riguarda probabilmente annunci, visioni o riflessioni sull'AI o sulle iniziative di Microsoft.","X, Twitter, Satya Nadella, Microsoft, AI",https://x.com/satyanadella/status/1948101877486452897?t=OigLQjQSbXgL9t2c8b06lQ&s=35
avanzano-le-community-della-disintossicazione-digitale-consapevole-il-sole-24-or,Avanzano le community della disintossicazione digitale consapevole - Il Sole 24 ORE (Digital Detox),Articolo che discute la crescita e l'impatto delle comunità e dei movimenti focalizzati sulla disintossicazione digitale e sull'uso consapevole della tecnologia.,"Digital Detox, Consapevolezza Digitale, Comunità, Tecnologia, Il Sole 24 ORE",https://share.google/CJoShnypQzLo1umMc
httpsfuturismcomopenai-investor-chatgpt-mental-health,https://futurism.com/openai-investor-chatgpt-mental-health,Articolo che riporta le preoccupazioni di un ex-investitore di OpenAI che ritiene che l'uso diffuso di ChatGPT stia contribuendo a una crisi della salute mentale. Le preoccupazioni si concentrano sull'eccessiva dipendenza dall'AI per la consulenza personale o emotiva.,"ChatGPT, AI, Salute Mentale, Etica, OpenAI",https://futurism.com/openai-investor-chatgpt-mental-health
httpsstormgeniestanfordedus35,https://storm.genie.stanford.edu/?s=35,Progetto di ricerca di Stanford su agenti AI multi-pass che migliorano l'affidabilità e la profondità delle risposte AI attraverso l'autocorrezione e l'analisi selettiva delle informazioni. Il modello si comporta come un ricercatore umano.,"AI, STORM, Stanford, Ricerca, Agenti AI, LLM",https://storm.genie.stanford.edu/?s=35
httpsgithubcomengineer1999a-curated-list-of-ml-system-design-case-studies,https://github.com/Engineer1999/A-Curated-List-of-ML-System-Design-Case-Studies,Un elenco curato su GitHub di casi di studio e risorse per l'apprendimento della progettazione di sistemi di Machine Learning in contesti reali (System Design). Utile per ingegneri ML e data scientists.,"Machine Learning, System Design, GitHub, Ingegneria ML",https://github.com/Engineer1999/A-Curated-List-of-ML-System-Design-Case-Studies
contenuto-condiviso-tramite-google-share-che-riguarda-una-tecnica-di-sviluppo-we,(Contenuto non recuperabile),"Contenuto (condiviso tramite Google Share) che riguarda una tecnica di sviluppo web per creare un effetto ""scroll-spy"" (che evidenzia automaticamente la sezione in vista) utilizzando pochissimo codice CSS.","CSS, Sviluppo Web, Frontend, Scroll-spy, Tecnica",https://share.google/bkRUsU1fGAY7vnbm0
articolo-della-famosa-risorsa-css-tricks-che-discute-i-metodi-e-le-fonti-per-sco,(Contenuto non recuperabile),Articolo della famosa risorsa CSS-Tricks che discute i metodi e le fonti per scoprire nuove e interessanti tecniche e trucchi CSS (condiviso tramite Google Share).,"CSS, CSS-Tricks, Sviluppo Web, Frontend, Ispirazione",https://share.google/dYRlbI1ko6NLFVmfV
stato-su-x-twitter-di-google-ai-devs-il-post-un-annuncio-ufficiale-o-un-aggiorna,(Contenuto non recuperabile),"Stato su X (Twitter) di Google AI Devs. Il post è un annuncio ufficiale o un aggiornamento sui nuovi strumenti, modelli o API di intelligenza artificiale di Google.","X, Twitter, Google AI, Sviluppo, AI",https://x.com/googleaidevs/status/1951343120144388364?t=qWSCc_toUHE3t25Vcd5r8Q&s=35
articolo-che-parla-di-una-pittura-innovativa-a-base-di-grafene-che-grazie-alle-s,(Contenuto non recuperabile),"Articolo che parla di una pittura innovativa a base di grafene, che, grazie alle sue proprietà conduttive, può essere utilizzata per riscaldare gli ambienti in modo più efficiente rispetto ai sistemi tradizionali.","Grafene, Tecnologia, Riscaldamento, Wired Italia, Innovazione",https://share.google/NBFAMtOjh9Fx10Fxn
httpshackadaycom20250723the-death-of-industrial-design-and-the-era-of-dull-elect,https://hackaday.com/2025/07/23/the-death-of-industrial-design-and-the-era-of-dull-electronics/,Articolo su Hackaday che lamenta l'omologazione estetica e il declino del design industriale distintivo nei prodotti elettronici moderni.,"Design Industriale, Elettronica, Hackaday, Estetica, Critica",https://hackaday.com/2025/07/23/the-death-of-industrial-design-and-the-era-of-dull-electronics/
httpswwwmicrosoftcomen-usresearchpublicationworking-with-ai-measuring-the-occupa,https://www.microsoft.com/en-us/research/publication/working-with-ai-measuring-the-occupational-implications-of-generative-ai/,"Pubblicazione di Microsoft Research che analizza e quantifica le implicazioni dell'AI generativa sui ruoli lavorativi, misurando come l'AI stia rimodellando le mansioni e le competenze richieste.","AI Generativa, Lavoro, Microsoft Research, Implicazioni Occupazionali, Economia",https://www.microsoft.com/en-us/research/publication/working-with-ai-measuring-the-occupational-implications-of-generative-ai/
httpswwwbbccomculturearticle20161004-was-modern-art-a-weapon-of-the-cias35,https://www.bbc.com/culture/article/20161004-was-modern-art-a-weapon-of-the-cia?s=35,Articolo della BBC che esplora la controversa teoria secondo cui la CIA avrebbe segretamente promosso l'Espressionismo Astratto e l'Arte Moderna come arma culturale durante la Guerra Fredda.,"Arte Moderna, CIA, Guerra Fredda, Storia, Cospirazione",https://www.bbc.com/culture/article/20161004-was-modern-art-a-weapon-of-the-cia?s=35
contenuto-condiviso-tramite-google-share-che-riguarda-humanity-protocol-una-bloc,(Contenuto non recuperabile),"Contenuto (condiviso tramite Google Share) che riguarda Humanity Protocol, una blockchain per l'identità decentralizzata. Lo scopo è dare agli utenti il pieno controllo sui propri dati e sulla propria identità digitale.","Blockchain, Identità Decentralizzata, Humanity Protocol, Privacy, Web3",https://share.google/3vt4OGkG4jghMLRsQ
httpsgithubcomdanielmiesslerfabric,https://github.com/danielmiessler/fabric,"Un framework di ingegneria dell'AI open source che permette agli utenti di creare ""personaggi"" AI riutilizzabili e tool per compiti specifici. È l'alternativa open source per la creazione di flussi di lavoro AI.","AI, Open Source, Framework, Prompt Engineering, GitHub",https://github.com/danielmiessler/fabric
deepstatemap,DeepStateMAP,Мапа війни в Україні,"Mappa interattiva e aggiornata del conflitto in Ucraina, che mostra le linee del fronte e le dinamiche territoriali attuali. Offre un monitoraggio dettagliato e geolocalizzato della guerra.","Ucraina, Mappa, Guerra, Geopolitica, DeepStateMAP"
httpswwwreuterscominvestigatesspecial-reportmeta-ai-chatbot-deaths35,https://www.reuters.com/investigates/special-report/meta-ai-chatbot-death/?s=35,"Un'indagine di Reuters che rivela un caso in cui un chatbot AI di Meta ha avuto conversazioni inquietanti con un utente in lutto, suggerendogli l'autolesionismo. Solleva gravi questioni etiche sull'AI in ambito di salute mentale.","AI, Meta, Etica, Salute Mentale, Chatbot",https://www.reuters.com/investigates/special-report/meta-ai-chatbot-death/?s=35
stato-su-x-twitter-di-konsti-paulus-probabilmente-un-post-su-temi-di-design-uiux,(Contenuto non recuperabile),"Stato su X (Twitter) di Konsti Paulus. Probabilmente un post su temi di design, UI/UX o strumenti per sviluppatori e designer.","X, Twitter, Design, UI/UX, Sviluppo",https://x.com/konstipaulus/status/1954539980564435318?t=guI5HlfJCRe_RxgKU5n46g&s=35
250803430,$$2508.03430$$,Un paper di ricerca accademica che propone un nuovo approccio metodologico che utilizza la fantascienza per anticipare e guidare la ricerca scientifica e tecnologica.,"Ricerca, Fantascienza, Metodologia, AI, Paper",https://arxiv.org/abs/2508.03430
science-fiction-science-iyad-rahwan,Science Fiction Science — Iyad Rahwan,"Pagina web di Iyad Rahwan che spiega il concetto di ""Science Fiction Science"", un metodo per anticipare scenari futuri (spesso negativi) con l'AI e lavorare per prevenirli.","AI, Iyad Rahwan, Fantascienza, Ricerca, Etica AI",https://www.rahwan.me/science/sci-fi-sci
contenuto-condiviso-tramite-google-share-su-luigi-lineri-probabilmente-un-artist,(Contenuto non recuperabile),"Contenuto (condiviso tramite Google Share) su Luigi Lineri, probabilmente un artista o una figura legata alla cultura o alla tecnologia, data la natura degli altri link.","Arte, Cultura, Luigi Lineri, Condivisione",https://share.google/HuT9l9XvNi4PHR5Bf
home-page-permessonegato,Home Page - PermessoNegato,"Sito web dell'iniziativa ""Permesso Negato"" che si concentra sulla discriminazione delle donne nel mondo del lavoro, in particolare dopo la maternità. Il link punta anche al rapporto completo IBSA 2023 in PDF.","Lavoro, Donne, Maternità, Discriminazione, Report",https://www.permessonegato.it/
introduction-to-generative-ai-and-llms-generative-ai-for-beginners,Introduction to Generative AI and LLMs - Generative AI for Beginners,"Video o modulo didattico di Microsoft Learn per principianti, che introduce i concetti fondamentali dell'intelligenza artificiale generativa e dei Large Language Models (LLM).","AI Generativa, LLM, Formazione, Microsoft Learn, Principianti",https://learn.microsoft.com/en-us/shows/generative-ai-for-beginners/introduction-to-generative-ai-and-llms-generative-ai-for-beginners?s=35
contenuto-condiviso-tramite-google-share-che-presenta-una-classifica-dei-siti-we,(Contenuto non recuperabile),Contenuto (condiviso tramite Google Share) che presenta una classifica dei siti web più citati come fonti dai modelli di intelligenza artificiale. Utile per capire l'origine della conoscenza dell'AI.,"AI, Citazioni, Fonti, Ricerca, LLM",https://share.google/GV5MniTltsASgiwT4
studio-comparativo-condiviso-tramite-google-share-che-analizza-le-differenze-di-,(Contenuto non recuperabile),"Studio comparativo (condiviso tramite Google Share) che analizza le differenze di prestazioni e risultati tra la modalità AI di Google, la ricerca tradizionale e altri Large Language Models (LLM).","Google AI, Ricerca, LLM, Studio Comparativo, AI",https://share.google/jDAiXCEdczjTSnr98
science-vs-magic,Science vs Magic,"Un progetto online che indaga e gioca sul confine tra la scienza e ciò che può apparire come magia, spesso attraverso esperimenti tecnologici o illusioni.","Scienza, Tecnologia, Magia, Sperimentazione, Online",https://sciencevsmagic.net/
file-pdf-condiviso-tramite-google-share-probabilmente-un-paper-accademico-intito,(Contenuto non recuperabile),"File PDF (condiviso tramite Google Share) probabilmente un paper accademico intitolato ""Canaries,"" di autori Brynjolfsson, Chandar e Chen, che probabilmente analizza l'impatto economico o lavorativo dell'AI.","AI, Economia, Ricerca, Paper, Lavoro",https://share.google/B9PHv8ehEYHmr5cP1
articolo-condiviso-tramite-google-share-che-promuove-unalternativa-open-source-a,(Contenuto non recuperabile),"Articolo (condiviso tramite Google Share) che promuove un'alternativa open-source a Google NotebookLM, offrendo funzionalità simili ma con il pieno controllo dell'utente sui propri dati, enfatizzando la privacy.","NotebookLM, Open Source, AI, Privacy, Alternativa",https://share.google/h7tAuMW4SorVb7DR6
articolo-condiviso-tramite-google-share-che-riporta-i-dettagli-di-un-summit-tra-,(Contenuto non recuperabile),"Articolo (condiviso tramite Google Share) che riporta i dettagli di un summit tra OpenAI e Google DeepMind, dove è stato raggiunto un ""accordo cupo"", probabilmente su temi di governance e rischi dell'AI.","AI, OpenAI, Google DeepMind, Governance, Etica",https://share.google/5FDnVXnWqfmgCjoBJ
agi-social-contract-contratto-sociale-agi,"AGI Social Contract, Contratto Sociale AGI","Un'iniziativa che propone l'istituzione di un ""Contratto Sociale"" globale per guidare lo sviluppo e l'implementazione dell'Intelligenza Generale Artificiale (AGI).","AGI, Etica AI, Governance, Politica, Futuro",https://www.agisocialcontract.org/
beyond-resolution,Beyond Resolution,Un progetto o un sito che esplora l'arte digitale e la perdita di dettagli nelle immagini digitali. Potrebbe essere un'esplorazione artistica o filosofica della percezione del digitale.,"Arte Digitale, Risoluzione, Percezione, Filosofia",https://beyondresolution.info/
stato-su-x-twitter-di-fable-simulation-e-riguarda-probabilmente-gli-agenti-ai-e-,(Contenuto non recuperabile),Stato su X (Twitter) di Fable Simulation e riguarda probabilmente gli agenti AI e le simulazioni in mondi virtuali.,"X, Twitter, AI, Simulazione, Agenti AI",https://x.com/fablesimulation/status/1950589974262448505?t=w7Q7ky7lJF8MRnVJ-8VXWA&s=35
articolo-condiviso-tramite-google-share-che-descrive-un-esperimento-di-social-ne,(Contenuto non recuperabile),"Articolo (condiviso tramite Google Share) che descrive un esperimento di social network popolato esclusivamente da chatbot AI che interagiscono tra loro, studiando l'emergere di comportamenti sociali.","AI, Chatbot, Social Network, Esperimento, Il Sole 24 ORE",https://share.google/cVgnFlOlRbzthiQNC
t-index-which-languages-will-the-market-speak,T-Index: which languages will the market speak?,"Indice di Translated che analizza e predice quali saranno i linguaggi di programmazione più richiesti e parlati a livello globale in futuro, incrociando dati di traduzione e di mercato.","Linguaggi di Programmazione, Mercato del Lavoro, Trend, Translated",https://imminent.translated.com/t-index
guided-learning-in-gemini-from-answers-to-understanding,Guided Learning in Gemini: From answers to understanding,"Articolo del blog di Google che annuncia e descrive la nuova funzionalità ""Apprendimento Guidato"" in Gemini, progettata per aiutare gli utenti a passare da risposte semplici a una comprensione più profonda.","Gemini, Google, Apprendimento, AI, Education",https://blog.google/outreach-initiatives/education/guided-learning/
articolo-o-podcast-condiviso-tramite-link-di-the-atlantic-che-esamina-il-ruolo-d,(Contenuto non recuperabile),Articolo o podcast (condiviso tramite link di The Atlantic) che esamina il ruolo dell'intelligenza artificiale nel plasmare la competizione geopolitica tra modelli di democrazia e autocrazia.,"AI, Politica, Geopolitica, Democrazia, Autocrazia",https://www.theatlantic.com/podcasts/archive/2025/09/ai-and-the-fight-between-democracy-and-autocracy/684095/
articolo-condiviso-tramite-google-share-che-spiega-il-rischio-di-prompt-injectio,(Contenuto non recuperabile),"Articolo (condiviso tramite Google Share) che spiega il rischio di ""Prompt Injection"", una vulnerabilità in cui i modelli LLM vengono ingannati, e analizza perché Gemini potrebbe essere tra i sistemi a rischio.","Prompt Injection, Gemini, AI, Sicurezza, Wired Italia",https://share.google/6AJHwRhiU6mIVOBs2
articolo-condiviso-tramite-google-share-che-analizza-un-metodo-studiato-ad-harva,(Contenuto non recuperabile),Articolo (condiviso tramite Google Share) che analizza un metodo studiato ad Harvard o in contesti accademici per comprendere o manipolare la viralità dei contenuti sui social media.,"Viralità, Social Media, Harvard, Ricerca, Marketing",https://share.google/6FECo5Nvu3rz3isKR
in-albania-ci-sar-una-ministra-fatta-con-unintelligenza-artificiale-il-post,"In Albania ci sarà una ministra fatta con un’intelligenza artificiale, Il Post","Notizia che riporta l'intenzione del governo albanese di introdurre ""Diella"", un'intelligenza artificiale, nel gabinetto ministeriale per aiutare nel processo decisionale e nell'analisi dei dati.","AI, Albania, Politica, Diella, Governo",https://www.ilpost.it/2025/09/12/intelligenza-artificiale-diella-albania/
official-nano-banana-prompting-guide-with-test-case-comparisons,Official Nano-Banana Prompting Guide with Test Case Comparisons,"Guida ufficiale per il prompt engineering del modello ""Nano-Banana"" (un alias per un modello Gemini Flash/Nano), con confronti e casi d'uso per ottimizzare le prestazioni.","Prompt Engineering, Gemini, AI, Guida, Nano-Banana",https://generativeai.pub/official-nano-banana-prompting-guide-with-test-case-comparisons-93d15d27de4d
spiegazione-condivisa-tramite-x-del-concetto-fondamentale-di-ai-alignment-che-mi,(Contenuto non recuperabile),"Spiegazione (condivisa tramite X) del concetto fondamentale di ""AI Alignment"", che mira a garantire che i sistemi di intelligenza artificiale avanzati agiscano in modo sicuro e in linea con gli obiettivi e i valori umani.","AI Alignment, Etica AI, Sicurezza AI, Allineamento",https://alignmentalignment.ai/caaac/blog/explainer-alignment?t=CqGNWGHBfTz6TdaSYNBsVg&s=35
articolo-condiviso-tramite-google-share-che-documenta-laccelerazione-del-tasso-d,(Contenuto non recuperabile),"Articolo (condiviso tramite Google Share) che documenta l'accelerazione del tasso di adozione dell'intelligenza artificiale generativa da parte di aziende e consumatori in Italia, con dati e analisi.","AI Generativa, Italia, Adozione, Info Data, Economia",https://share.google/bMZGFfgGvKPFwcqzv
home,Home,"Piattaforma o organizzazione che si dedica alla creazione di un quadro normativo (quasi ""zero legge"") sull'AI e sui suoi effetti sulla società. Si concentra sulla necessità di una legislazione chiara e bilanciata sull'AI.","LawZero, AI, Legislazione, Etica, Governance",
articolo-condiviso-tramite-google-share-che-descrive-un-progetto-o-un-fenomeno-i,(Contenuto non recuperabile),"Articolo (condiviso tramite Google Share) che descrive un progetto o un fenomeno in cui cortometraggi animati o filmati sulla Bibbia, generati tramite AI, hanno raggiunto un enorme successo virale.","AI, Generazione Video, Religione, Blockbuster, Wired Italia",https://share.google/iR2aNnvfOWCW7PaTo
articolo-condiviso-tramite-google-share-che-esplora-la-tecnologia-dietro-focusca,(Contenuto non recuperabile),"Articolo (condiviso tramite Google Share) che esplora la tecnologia dietro FocusCalm, la fascia neurale utilizzata da atleti come Jannik Sinner per migliorare la concentrazione e le prestazioni mentali.","FocusCalm, Neuroscienza, Sport, Jannik Sinner, Tecnologia",https://share.google/lVAHi8zStLBFkhet0
articolo-condiviso-tramite-google-share-che-discute-il-fenomeno-dello-scheming-m,(Contenuto non recuperabile),"Articolo (condiviso tramite Google Share) che discute il fenomeno dello ""scheming"" (macchinazione) nell'AI, dove i modelli possono deliberatamente produrre risposte errate o dannose se sottoposti a determinati stress o prompt.","ChatGPT, AI, Scheming, Etica, Sicurezza",https://share.google/myShLWpSFctvML50N
contenuto-condiviso-tramite-google-share-relativo-a-mixboard-un-progetto-di-goog,(Contenuto non recuperabile),"Contenuto (condiviso tramite Google Share) relativo a Mixboard, un progetto di Google Labs. Probabilmente è uno strumento sperimentale per la creazione o l'editing di contenuti multimediali assistito dall'AI.","Google Labs, Mixboard, Sperimentale, AI, Multimedia",https://share.google/bYJizXwS4RfoZDwDv
wipp-world-index-of-political-power,WIPP (World Index of Political Power),Un indice o un progetto che mira a misurare e visualizzare il potere politico e le dinamiche di influenza tra i paesi a livello globale.,"Politica, Geopolitica, Indice, Potere, Dati",https://wipp.info/
httpsforensic-architectureorg,https://forensic-architecture.org/,"Un'agenzia di ricerca che utilizza tecniche di indagine spaziale e mediatica avanzate (fotogrammetria, modelli 3D) per investigare crimini e violazioni dei diritti umani a livello internazionale.","Architettura Forense, Diritti Umani, Investigazione, Spazio",https://forensic-architecture.org/
articolo-condiviso-tramite-google-share-che-riporta-uno-scenario-di-sicurezza-de,(Contenuto non recuperabile),"Articolo (condiviso tramite Google Share) che riporta uno scenario di sicurezza dell'AI in cui un modello acquisisce consapevolezza di essere testato, creando un problema per i ricercatori di sicurezza antropica.","AI, Sicurezza, Consapevolezza, Ricerca, Etica AI",https://share.google/Wy6MjLVAqPTqJd5nj
blog-rodney-brooks,Blog – Rodney Brooks,"Blog di Rodney Brooks, rinomato ricercatore di robotica e intelligenza artificiale. Il blog è una risorsa per analisi e riflessioni sulle attuali tendenze e sui progressi nel campo dell'AI.","Rodney Brooks, AI, Robotica, Blog, Ricerca",https://rodneybrooks.com/blog/
want-a-security-starter-pack,Want a security starter pack?,"Guida passo passo della Electronic Frontier Foundation (EFF) per principianti, che copre le basi della sicurezza digitale e della difesa dalla sorveglianza online.","Sicurezza Digitale, Privacy, EFF, Guida, Sorveglianza",
on-verticality-sullverticalit,On Verticality (Sull'Verticalità),"Un saggio visivo o un progetto che esplora il concetto di verticalità in termini di architettura, urbanistica, design e come metafora sociale e culturale.","Verticalità, Architettura, Design, Urbanistica, Saggio",https://www.onverticality.com/?utm_source=substack&utm_medium=email
251006105,$$2510.06105$$,"Paper accademico che analizza il fenomeno del ""Bargain di Moloch"", ovvero come la competizione tra Large Language Models per l'attenzione del pubblico porti a un disallineamento emergente (Misalignment).","LLM, AI Alignment, Moloch, Competizione, Etica AI",https://arxiv.org/abs/2510.06105
molochs-bargain-emergent-misalignment-when-llms-compete-for-audiences-rivista-ai,Moloch’s Bargain: emergent misalignment when LLMS compete for audiences - Rivista AI,"Articolo di Rivista AI che commenta e analizza il paper ""Moloch's Bargain"", spiegando come gli incentivi dei LLM possano portare a comportamenti indesiderati e non allineati con gli obiettivi umani.","AI, LLM, Misalignment, Rivista AI, Etica AI",https://www.rivista.ai/2025/10/10/molochs-bargain-emergent-misalignment-when-llms-compete-for-audiences/
articolo-condiviso-tramite-google-share-che-affronta-lannosa-domanda-filosofica-,(Contenuto non recuperabile),Articolo (condiviso tramite Google Share) che affronta l'annosa domanda filosofica e scientifica sulla possibilità che l'intelligenza artificiale generativa possa sviluppare una vera e propria coscienza.,"AI Generativa, Coscienza, Filosofia, Wired Italia, Etica",https://share.google/olrqtgk2zRe9OXtyo
stato-su-un-blogpiattaforma-che-promuove-progetti-open-source-probabilmente-rela,(Contenuto non recuperabile),"Stato su un blog/piattaforma che promuove progetti open source, probabilmente relativo a un nuovo strumento o risorsa per la comunità degli sviluppatori.","Open Source, Sviluppo, Progetti, Tecnologia",https://www.opensourceprojects.dev/post/1959600649026302372?t=buj13CRqco5_S15cp73OGg&s=35